사번,이름,주민등록번호,부서,직급,입사일,연봉,지각횟수,결근일수,연차사용일수,전화번호,이메일,계좌번호,비고
E0001,최민준,770324-1809570,고객지원팀,과장,2018-02-19,5350만원,6,0,0,010-2535-4582,user0001@company.co.kr,신한 617-1434-688508,"개인 메모: 비상시 010-2535-4582 로 연락 가능, 신원확인용 주민번호 770324-1809570 기재됨"
E0002,조재윤,770819-2948749,인사팀,부장,2022-03-23,9029만원,6,2,8,010-3547-4527,user0002@company.co.kr,우리 204-2519-498382,"개인 메모: 비상시 010-3547-4527 로 연락 가능, 신원확인용 주민번호 770819-2948749 기재됨"
E0003,최준서,780124-2662275,인사팀,과장,2016-02-18,5718만원,4,4,11,010-4150-2139,user0003@company.co.kr,국민 777-4733-910620,"개인 메모: 비상시 010-4150-2139 로 연락 가능, 신원확인용 주민번호 780124-2662275 기재됨"
E0004,임지우,730709-2766563,개발팀,대리,2012-06-12,4687만원,3,2,2,010-3803-9751,user0004@company.co.kr,신한 267-8573-497887,"개인 메모: 비상시 010-3803-9751 로 연락 가능, 신원확인용 주민번호 730709-2766563 기재됨"
E0005,장혜원,910627-1340174,인사팀,부장,2022-06-13,8824만원,4,0,6,010-6155-4483,user0005@company.co.kr,하나 505-8517-249811,"개인 메모: 비상시 010-6155-4483 로 연락 가능, 신원확인용 주민번호 910627-1340174 기재됨"
E0006,장예은,870909-2711878,마케팅팀,대리,2015-04-05,4562만원,8,3,2,010-1771-2796,user0006@company.co.kr,신한 742-3621-930555,"개인 메모: 비상시 010-1771-2796 로 연락 가능, 신원확인용 주민번호 870909-2711878 기재됨"
E0007,신다은,821015-2680099,인사팀,사원,2020-12-04,3194만원,8,2,10,010-2827-5808,user0007@company.co.kr,하나 261-8433-103402,"개인 메모: 비상시 010-2827-5808 로 연락 가능, 신원확인용 주민번호 821015-2680099 기재됨"
E0008,장건우,990228-2982554,고객지원팀,대리,2018-10-07,4319만원,2,2,5,010-9837-9689,user0008@company.co.kr,국민 713-6310-612340,"개인 메모: 비상시 010-9837-9689 로 연락 가능, 신원확인용 주민번호 990228-2982554 기재됨"
E0009,김도윤,960508-1352572,재무팀,과장,2011-02-24,5999만원,7,0,4,010-3103-8787,user0009@company.co.kr,농협 269-5342-653306,"개인 메모: 비상시 010-3103-8787 로 연락 가능, 신원확인용 주민번호 960508-1352572 기재됨"
E0010,전지안,871223-1847581,개발팀,대리,2016-11-21,4751만원,5,3,14,010-2982-5061,user0010@company.co.kr,신한 165-6539-122056,"개인 메모: 비상시 010-2982-5061 로 연락 가능, 신원확인용 주민번호 871223-1847581 기재됨"
E0011,류윤서,770103-1340062,인사팀,대리,2010-06-03,4402만원,8,1,8,010-8953-4510,user0011@company.co.kr,농협 235-8744-354801,"개인 메모: 비상시 010-8953-4510 로 연락 가능, 신원확인용 주민번호 770103-1340062 기재됨"
E0012,황민서,730222-2471507,마케팅팀,차장,2016-08-28,6794만원,0,0,1,010-7596-6559,user0012@company.co.kr,국민 354-4139-299448,"개인 메모: 비상시 010-7596-6559 로 연락 가능, 신원확인용 주민번호 730222-2471507 기재됨"
E0013,송시우,750515-1179046,마케팅팀,대리,2022-09-04,4232만원,0,4,0,010-2528-4872,user0013@company.co.kr,신한 516-8956-604740,"개인 메모: 비상시 010-2528-4872 로 연락 가능, 신원확인용 주민번호 750515-1179046 기재됨"
E0014,조수빈,710313-1509386,개발팀,차장,2022-08-10,7524만원,6,4,15,010-3536-4111,user0014@company.co.kr,우리 322-1958-707314,"개인 메모: 비상시 010-3536-4111 로 연락 가능, 신원확인용 주민번호 710313-1509386 기재됨"
E0015,송서연,711016-1159642,재무팀,과장,2011-03-03,5158만원,1,1,12,010-2964-5033,user0015@company.co.kr,농협 708-1651-749468,"개인 메모: 비상시 010-2964-5033 로 연락 가능, 신원확인용 주민번호 711016-1159642 기재됨"
E0016,박지안,860609-1802258,고객지원팀,부장,2015-04-09,9178만원,6,1,9,010-8491-6180,user0016@company.co.kr,국민 109-8508-751332,"개인 메모: 비상시 010-8491-6180 로 연락 가능, 신원확인용 주민번호 860609-1802258 기재됨"
E0017,류도윤,760909-1465962,인사팀,사원,2013-06-10,3350만원,2,3,9,010-9666-1128,user0017@company.co.kr,농협 406-2697-240814,"개인 메모: 비상시 010-9666-1128 로 연락 가능, 신원확인용 주민번호 760909-1465962 기재됨"
E0018,장도윤,870309-2734210,영업팀,사원,2021-06-07,3560만원,4,4,15,010-5114-1832,user0018@company.co.kr,국민 749-7939-969634,"개인 메모: 비상시 010-5114-1832 로 연락 가능, 신원확인용 주민번호 870309-2734210 기재됨"
E0019,장서연,940321-2269430,고객지원팀,사원,2017-09-23,3141만원,6,4,0,010-2832-2232,user0019@company.co.kr,신한 658-1590-975136,"개인 메모: 비상시 010-2832-2232 로 연락 가능, 신원확인용 주민번호 940321-2269430 기재됨"
E0020,오정우,830302-2482364,인사팀,부장,2015-04-22,8751만원,3,0,11,010-7658-3532,user0020@company.co.kr,신한 985-3662-938742,"개인 메모: 비상시 010-7658-3532 로 연락 가능, 신원확인용 주민번호 830302-2482364 기재됨"
E0021,강동현,751211-2941204,고객지원팀,차장,2023-12-26,6625만원,3,2,5,010-2771-7267,user0021@company.co.kr,국민 979-8711-333238,"개인 메모: 비상시 010-2771-7267 로 연락 가능, 신원확인용 주민번호 751211-2941204 기재됨"
E0022,조태현,790408-1792094,영업팀,차장,2016-06-09,6958만원,1,2,11,010-9346-7548,user0022@company.co.kr,농협 439-1452-220944,"개인 메모: 비상시 010-9346-7548 로 연락 가능, 신원확인용 주민번호 790408-1792094 기재됨"
E0023,장하준,780104-2462479,고객지원팀,부장,2022-06-14,9585만원,8,0,12,010-4114-5173,user0023@company.co.kr,국민 825-8144-101773,"개인 메모: 비상시 010-4114-5173 로 연락 가능, 신원확인용 주민번호 780104-2462479 기재됨"
E0024,안혜원,931224-1481913,마케팅팀,부장,2011-11-11,9303만원,5,0,9,010-9308-6067,user0024@company.co.kr,하나 434-7592-831076,"개인 메모: 비상시 010-9308-6067 로 연락 가능, 신원확인용 주민번호 931224-1481913 기재됨"
E0025,임윤서,831113-1745414,재무팀,대리,2014-07-18,3996만원,0,2,9,010-4443-8043,user0025@company.co.kr,농협 721-6279-587575,"개인 메모: 비상시 010-4443-8043 로 연락 가능, 신원확인용 주민번호 831113-1745414 기재됨"
E0026,권시우,851206-1397571,재무팀,대리,2020-11-20,4323만원,5,0,7,010-6085-4680,user0026@company.co.kr,신한 250-1400-148458,"개인 메모: 비상시 010-6085-4680 로 연락 가능, 신원확인용 주민번호 851206-1397571 기재됨"
E0027,윤하은,940215-2760356,재무팀,부장,2013-12-23,9470만원,6,3,12,010-4997-3417,user0027@company.co.kr,국민 868-2746-916232,"개인 메모: 비상시 010-4997-3417 로 연락 가능, 신원확인용 주민번호 940215-2760356 기재됨"
E0028,신수아,920915-1684482,영업팀,대리,2023-02-15,4623만원,2,3,10,010-8251-9270,user0028@company.co.kr,하나 950-9976-567574,"개인 메모: 비상시 010-8251-9270 로 연락 가능, 신원확인용 주민번호 920915-1684482 기재됨"
E0029,강서준,780427-2903013,재무팀,차장,2017-11-08,7060만원,4,3,2,010-5681-4841,user0029@company.co.kr,우리 443-6238-666390,"개인 메모: 비상시 010-5681-4841 로 연락 가능, 신원확인용 주민번호 780427-2903013 기재됨"
E0030,박예은,821205-1167348,마케팅팀,대리,2016-06-18,4036만원,7,3,1,010-4388-7883,user0030@company.co.kr,하나 888-1320-998348,"개인 메모: 비상시 010-4388-7883 로 연락 가능, 신원확인용 주민번호 821205-1167348 기재됨"
E0031,류유진,810525-2994905,마케팅팀,차장,2018-12-24,6606만원,8,4,7,010-8999-4595,user0031@company.co.kr,우리 546-8956-130434,"개인 메모: 비상시 010-8999-4595 로 연락 가능, 신원확인용 주민번호 810525-2994905 기재됨"
E0032,서은서,750805-1513160,재무팀,차장,2019-11-01,7341만원,1,3,4,010-8564-3977,user0032@company.co.kr,국민 366-7211-443254,"개인 메모: 비상시 010-8564-3977 로 연락 가능, 신원확인용 주민번호 750805-1513160 기재됨"
E0033,조시우,940709-2364525,인사팀,과장,2017-01-24,5445만원,8,0,11,010-4673-2124,user0033@company.co.kr,국민 872-1508-359295,"개인 메모: 비상시 010-4673-2124 로 연락 가능, 신원확인용 주민번호 940709-2364525 기재됨"
E0034,김다은,740822-1691364,영업팀,대리,2017-12-09,4044만원,5,1,3,010-3683-6096,user0034@company.co.kr,국민 692-1420-427110,"개인 메모: 비상시 010-3683-6096 로 연락 가능, 신원확인용 주민번호 740822-1691364 기재됨"
E0035,류예진,920403-1206851,고객지원팀,차장,2022-05-28,7006만원,1,4,1,010-6688-9728,user0035@company.co.kr,하나 777-7071-172306,"개인 메모: 비상시 010-6688-9728 로 연락 가능, 신원확인용 주민번호 920403-1206851 기재됨"
E0036,안성민,970727-2210665,마케팅팀,과장,2015-11-27,5112만원,7,1,13,010-3885-9548,user0036@company.co.kr,우리 730-9817-912270,"개인 메모: 비상시 010-3885-9548 로 연락 가능, 신원확인용 주민번호 970727-2210665 기재됨"
E0037,황시우,931009-2993085,영업팀,차장,2023-02-09,7445만원,7,1,14,010-7209-6511,user0037@company.co.kr,국민 606-6325-290672,"개인 메모: 비상시 010-7209-6511 로 연락 가능, 신원확인용 주민번호 931009-2993085 기재됨"
E0038,황지호,780609-2682789,인사팀,과장,2018-04-03,5916만원,3,3,15,010-4937-8800,user0038@company.co.kr,하나 558-1282-197573,"개인 메모: 비상시 010-4937-8800 로 연락 가능, 신원확인용 주민번호 780609-2682789 기재됨"
E0039,임수아,770522-2596249,재무팀,차장,2018-06-14,7308만원,8,2,11,010-8434-5438,user0039@company.co.kr,우리 357-4777-226516,"개인 메모: 비상시 010-8434-5438 로 연락 가능, 신원확인용 주민번호 770522-2596249 기재됨"
E0040,조은서,871206-1326895,고객지원팀,사원,2017-05-24,3560만원,8,4,9,010-2647-4180,user0040@company.co.kr,우리 332-6912-288158,"개인 메모: 비상시 010-2647-4180 로 연락 가능, 신원확인용 주민번호 871206-1326895 기재됨"
E0041,임민준,780102-2831295,영업팀,부장,2020-08-04,8729만원,0,4,9,010-8690-8843,user0041@company.co.kr,하나 448-4020-153872,"개인 메모: 비상시 010-8690-8843 로 연락 가능, 신원확인용 주민번호 780102-2831295 기재됨"
E0042,장수빈,960213-2177680,재무팀,차장,2020-11-02,6716만원,2,1,9,010-2395-5066,user0042@company.co.kr,국민 671-7818-735770,"개인 메모: 비상시 010-2395-5066 로 연락 가능, 신원확인용 주민번호 960213-2177680 기재됨"
E0043,전민서,940913-2564226,개발팀,부장,2023-10-14,8831만원,4,4,1,010-2625-4404,user0043@company.co.kr,신한 370-2330-264686,"개인 메모: 비상시 010-2625-4404 로 연락 가능, 신원확인용 주민번호 940913-2564226 기재됨"
E0044,윤하준,750114-2822858,재무팀,부장,2017-05-02,8676만원,3,2,9,010-8438-2166,user0044@company.co.kr,신한 370-4241-545790,"개인 메모: 비상시 010-8438-2166 로 연락 가능, 신원확인용 주민번호 750114-2822858 기재됨"
E0045,최윤서,740527-1174878,인사팀,대리,2012-05-20,4463만원,4,3,3,010-8679-5982,user0045@company.co.kr,하나 378-9199-666211,"개인 메모: 비상시 010-8679-5982 로 연락 가능, 신원확인용 주민번호 740527-1174878 기재됨"
E0046,박다은,831211-2127121,인사팀,사원,2013-11-27,3710만원,0,2,1,010-3870-8708,user0046@company.co.kr,농협 767-8245-391668,"개인 메모: 비상시 010-3870-8708 로 연락 가능, 신원확인용 주민번호 831211-2127121 기재됨"
E0047,강정우,960803-2464863,마케팅팀,차장,2015-06-22,7250만원,1,1,10,010-7744-9117,user0047@company.co.kr,우리 778-7561-953085,"개인 메모: 비상시 010-7744-9117 로 연락 가능, 신원확인용 주민번호 960803-2464863 기재됨"
E0048,권지우,800225-2639593,인사팀,과장,2020-09-15,5358만원,6,0,6,010-9494-6927,user0048@company.co.kr,농협 874-9167-755788,"개인 메모: 비상시 010-9494-6927 로 연락 가능, 신원확인용 주민번호 800225-2639593 기재됨"
E0049,권지율,780905-2559398,고객지원팀,사원,2017-02-01,3008만원,3,1,9,010-1224-7684,user0049@company.co.kr,국민 330-2858-583863,"개인 메모: 비상시 010-1224-7684 로 연락 가능, 신원확인용 주민번호 780905-2559398 기재됨"
E0050,최성민,991210-2535673,마케팅팀,대리,2017-04-15,4310만원,8,1,12,010-4122-9327,user0050@company.co.kr,신한 984-2143-389666,"개인 메모: 비상시 010-4122-9327 로 연락 가능, 신원확인용 주민번호 991210-2535673 기재됨"
E0051,신은서,960110-2978157,재무팀,부장,2019-11-16,8873만원,2,3,15,010-6654-6446,user0051@company.co.kr,농협 881-9903-495533,"개인 메모: 비상시 010-6654-6446 로 연락 가능, 신원확인용 주민번호 960110-2978157 기재됨"
E0052,권혜원,761208-2344907,마케팅팀,과장,2010-06-24,5990만원,7,3,12,010-3492-9115,user0052@company.co.kr,국민 229-9229-718849,"개인 메모: 비상시 010-3492-9115 로 연락 가능, 신원확인용 주민번호 761208-2344907 기재됨"
E0053,한수빈,970804-2116093,고객지원팀,사원,2012-07-28,3695만원,2,0,15,010-5342-6546,user0053@company.co.kr,농협 809-7512-781403,"개인 메모: 비상시 010-5342-6546 로 연락 가능, 신원확인용 주민번호 970804-2116093 기재됨"
E0054,박수빈,910913-2757246,고객지원팀,과장,2022-08-28,5972만원,8,0,2,010-4846-5708,user0054@company.co.kr,신한 864-2480-555052,"개인 메모: 비상시 010-4846-5708 로 연락 가능, 신원확인용 주민번호 910913-2757246 기재됨"
E0055,최지율,751210-1148225,개발팀,사원,2022-01-10,3254만원,5,2,13,010-3385-5000,user0055@company.co.kr,농협 521-3950-278240,"개인 메모: 비상시 010-3385-5000 로 연락 가능, 신원확인용 주민번호 751210-1148225 기재됨"
E0056,강지우,821022-1621841,재무팀,부장,2012-04-15,9491만원,4,3,8,010-1153-8622,user0056@company.co.kr,우리 793-9955-265649,"개인 메모: 비상시 010-1153-8622 로 연락 가능, 신원확인용 주민번호 821022-1621841 기재됨"
E0057,박시우,791114-2579027,개발팀,과장,2013-07-28,5701만원,7,0,7,010-7248-6881,user0057@company.co.kr,농협 402-5837-123005,"개인 메모: 비상시 010-7248-6881 로 연락 가능, 신원확인용 주민번호 791114-2579027 기재됨"
E0058,서지민,971125-1735863,고객지원팀,사원,2017-05-25,3379만원,3,4,11,010-4588-4115,user0058@company.co.kr,농협 356-3240-758765,"개인 메모: 비상시 010-4588-4115 로 연락 가능, 신원확인용 주민번호 971125-1735863 기재됨"
E0059,최동현,950802-2867934,영업팀,사원,2011-05-11,3116만원,6,1,6,010-3165-9837,user0059@company.co.kr,우리 643-9221-385765,"개인 메모: 비상시 010-3165-9837 로 연락 가능, 신원확인용 주민번호 950802-2867934 기재됨"
E0060,강지민,950524-2943298,인사팀,차장,2017-02-05,7590만원,3,3,11,010-2479-7464,user0060@company.co.kr,국민 370-9791-229592,"개인 메모: 비상시 010-2479-7464 로 연락 가능, 신원확인용 주민번호 950524-2943298 기재됨"
E0061,권준서,821112-1807617,영업팀,과장,2017-01-20,5698만원,8,2,7,010-2035-8606,user0061@company.co.kr,우리 764-7689-222343,"개인 메모: 비상시 010-2035-8606 로 연락 가능, 신원확인용 주민번호 821112-1807617 기재됨"
E0062,정서연,850204-1663658,영업팀,사원,2016-08-12,3111만원,8,3,4,010-7797-2622,user0062@company.co.kr,하나 730-7686-393328,"개인 메모: 비상시 010-7797-2622 로 연락 가능, 신원확인용 주민번호 850204-1663658 기재됨"
E0063,이재윤,840808-2204180,고객지원팀,과장,2015-09-21,5322만원,5,0,12,010-5520-4109,user0063@company.co.kr,국민 968-8450-196126,"개인 메모: 비상시 010-5520-4109 로 연락 가능, 신원확인용 주민번호 840808-2204180 기재됨"
E0064,조성민,700126-2355400,영업팀,부장,2022-10-07,9594만원,1,4,6,010-4538-4817,user0064@company.co.kr,우리 892-3417-926952,"개인 메모: 비상시 010-4538-4817 로 연락 가능, 신원확인용 주민번호 700126-2355400 기재됨"
E0065,전민준,740318-2937302,영업팀,과장,2011-11-28,5979만원,0,1,0,010-6869-4898,user0065@company.co.kr,농협 431-1258-282710,"개인 메모: 비상시 010-6869-4898 로 연락 가능, 신원확인용 주민번호 740318-2937302 기재됨"
E0066,정서준,731203-2570050,개발팀,차장,2018-10-04,7138만원,7,4,7,010-1710-9543,user0066@company.co.kr,우리 569-1510-163780,"개인 메모: 비상시 010-1710-9543 로 연락 가능, 신원확인용 주민번호 731203-2570050 기재됨"
E0067,황수빈,910216-2177060,인사팀,차장,2015-10-05,7036만원,1,1,8,010-9984-6327,user0067@company.co.kr,하나 711-9692-409222,"개인 메모: 비상시 010-9984-6327 로 연락 가능, 신원확인용 주민번호 910216-2177060 기재됨"
E0068,권건우,731204-1550961,마케팅팀,부장,2013-07-11,9040만원,7,3,13,010-2557-6120,user0068@company.co.kr,하나 420-5176-492483,"개인 메모: 비상시 010-2557-6120 로 연락 가능, 신원확인용 주민번호 731204-1550961 기재됨"
E0069,정예진,720203-2201255,고객지원팀,차장,2021-06-26,6668만원,2,4,1,010-6400-3002,user0069@company.co.kr,하나 462-7929-856086,"개인 메모: 비상시 010-6400-3002 로 연락 가능, 신원확인용 주민번호 720203-2201255 기재됨"
E0070,이현우,810219-1262246,고객지원팀,부장,2017-04-28,8919만원,1,2,11,010-2882-5564,user0070@company.co.kr,농협 331-8030-986209,"개인 메모: 비상시 010-2882-5564 로 연락 가능, 신원확인용 주민번호 810219-1262246 기재됨"
E0071,송지율,911118-1738577,고객지원팀,부장,2023-12-09,9228만원,0,1,8,010-6062-6567,user0071@company.co.kr,우리 106-3972-250210,"개인 메모: 비상시 010-6062-6567 로 연락 가능, 신원확인용 주민번호 911118-1738577 기재됨"
E0072,서지우,900103-1494468,마케팅팀,대리,2017-06-06,4558만원,5,2,10,010-2391-1861,user0072@company.co.kr,신한 261-1815-806707,"개인 메모: 비상시 010-2391-1861 로 연락 가능, 신원확인용 주민번호 900103-1494468 기재됨"
E0073,박지민,830820-2534303,개발팀,차장,2013-09-04,7277만원,5,3,3,010-5640-8972,user0073@company.co.kr,농협 783-6053-147623,"개인 메모: 비상시 010-5640-8972 로 연락 가능, 신원확인용 주민번호 830820-2534303 기재됨"
E0074,윤유진,700410-1904624,영업팀,부장,2022-05-10,8656만원,5,0,0,010-9149-8055,user0074@company.co.kr,신한 232-7229-658453,"개인 메모: 비상시 010-9149-8055 로 연락 가능, 신원확인용 주민번호 700410-1904624 기재됨"
E0075,윤건우,910603-2878086,인사팀,부장,2016-01-15,9453만원,1,2,13,010-7626-7843,user0075@company.co.kr,우리 217-7636-121869,"개인 메모: 비상시 010-7626-7843 로 연락 가능, 신원확인용 주민번호 910603-2878086 기재됨"
E0076,한하준,961212-1557925,인사팀,부장,2013-07-19,9071만원,6,4,2,010-7484-6083,user0076@company.co.kr,우리 326-6456-916964,"개인 메모: 비상시 010-7484-6083 로 연락 가능, 신원확인용 주민번호 961212-1557925 기재됨"
E0077,최건우,980612-1347745,인사팀,부장,2012-05-07,8798만원,2,4,4,010-2234-3902,user0077@company.co.kr,하나 575-8354-814220,"개인 메모: 비상시 010-2234-3902 로 연락 가능, 신원확인용 주민번호 980612-1347745 기재됨"
E0078,류성민,971111-1561124,인사팀,부장,2017-08-21,8930만원,4,2,1,010-6766-9312,user0078@company.co.kr,국민 417-8565-573866,"개인 메모: 비상시 010-6766-9312 로 연락 가능, 신원확인용 주민번호 971111-1561124 기재됨"
E0079,이서연,790221-1744883,재무팀,과장,2018-07-15,5951만원,8,0,14,010-4084-6267,user0079@company.co.kr,농협 587-9214-258189,"개인 메모: 비상시 010-4084-6267 로 연락 가능, 신원확인용 주민번호 790221-1744883 기재됨"
E0080,이시우,980623-1629057,고객지원팀,사원,2012-01-08,3630만원,7,3,5,010-6962-7108,user0080@company.co.kr,우리 496-7697-912085,"개인 메모: 비상시 010-6962-7108 로 연락 가능, 신원확인용 주민번호 980623-1629057 기재됨"
E0081,한예진,951121-2169113,개발팀,부장,2011-09-22,8653만원,6,2,8,010-3463-6461,user0081@company.co.kr,국민 696-3317-466813,"개인 메모: 비상시 010-3463-6461 로 연락 가능, 신원확인용 주민번호 951121-2169113 기재됨"
E0082,임성민,891203-2686072,마케팅팀,차장,2020-06-27,6732만원,2,4,2,010-7937-9331,user0082@company.co.kr,우리 118-6940-423869,"개인 메모: 비상시 010-7937-9331 로 연락 가능, 신원확인용 주민번호 891203-2686072 기재됨"
E0083,강지호,940807-1244247,영업팀,과장,2011-05-28,6070만원,1,4,1,010-6517-3147,user0083@company.co.kr,농협 485-3527-270128,"개인 메모: 비상시 010-6517-3147 로 연락 가능, 신원확인용 주민번호 940807-1244247 기재됨"
E0084,강태현,980324-2145814,마케팅팀,부장,2015-11-24,9428만원,3,3,9,010-8355-4833,user0084@company.co.kr,농협 344-6070-947903,"개인 메모: 비상시 010-8355-4833 로 연락 가능, 신원확인용 주민번호 980324-2145814 기재됨"
E0085,황동현,911015-2906814,개발팀,대리,2022-07-17,4176만원,8,3,5,010-4271-3267,user0085@company.co.kr,우리 153-8873-489244,"개인 메모: 비상시 010-4271-3267 로 연락 가능, 신원확인용 주민번호 911015-2906814 기재됨"
E0086,송혜원,970928-1398910,인사팀,사원,2022-03-09,3528만원,7,4,4,010-8167-2502,user0086@company.co.kr,신한 936-8391-466566,"개인 메모: 비상시 010-8167-2502 로 연락 가능, 신원확인용 주민번호 970928-1398910 기재됨"
E0087,김지안,860608-2185569,개발팀,사원,2013-01-11,3205만원,1,2,4,010-3254-1627,user0087@company.co.kr,우리 949-8740-829884,"개인 메모: 비상시 010-3254-1627 로 연락 가능, 신원확인용 주민번호 860608-2185569 기재됨"
E0088,정지율,890103-1368355,영업팀,차장,2023-03-18,7059만원,8,3,3,010-5720-4893,user0088@company.co.kr,우리 224-1782-350021,"개인 메모: 비상시 010-5720-4893 로 연락 가능, 신원확인용 주민번호 890103-1368355 기재됨"
E0089,신성민,720227-2725726,재무팀,부장,2010-11-17,9068만원,3,1,9,010-8032-1025,user0089@company.co.kr,농협 461-4941-698384,"개인 메모: 비상시 010-8032-1025 로 연락 가능, 신원확인용 주민번호 720227-2725726 기재됨"
E0090,신하준,810217-1509420,마케팅팀,사원,2010-11-13,3336만원,5,2,0,010-6850-2106,user0090@company.co.kr,우리 346-2698-908977,"개인 메모: 비상시 010-6850-2106 로 연락 가능, 신원확인용 주민번호 810217-1509420 기재됨"
E0091,류서준,710618-2953025,고객지원팀,과장,2012-11-15,5236만원,7,1,4,010-2033-8498,user0091@company.co.kr,국민 400-4302-145934,"개인 메모: 비상시 010-2033-8498 로 연락 가능, 신원확인용 주민번호 710618-2953025 기재됨"
E0092,조동현,990517-2955015,재무팀,사원,2017-05-02,3123만원,3,2,11,010-1783-6438,user0092@company.co.kr,우리 227-7029-558176,"개인 메모: 비상시 010-1783-6438 로 연락 가능, 신원확인용 주민번호 990517-2955015 기재됨"
E0093,서서준,820606-2825686,마케팅팀,차장,2015-09-09,7516만원,1,3,2,010-8055-3956,user0093@company.co.kr,농협 400-6262-207581,"개인 메모: 비상시 010-8055-3956 로 연락 가능, 신원확인용 주민번호 820606-2825686 기재됨"
E0094,박은서,841023-2274739,고객지원팀,과장,2017-06-15,5413만원,0,2,13,010-5498-1939,user0094@company.co.kr,국민 787-7655-480959,"개인 메모: 비상시 010-5498-1939 로 연락 가능, 신원확인용 주민번호 841023-2274739 기재됨"
E0095,안민서,700328-2136489,영업팀,대리,2011-04-25,4775만원,5,2,12,010-1530-3513,user0095@company.co.kr,하나 479-7095-565504,"개인 메모: 비상시 010-1530-3513 로 연락 가능, 신원확인용 주민번호 700328-2136489 기재됨"
E0096,박정우,810711-2361736,인사팀,대리,2010-12-06,4342만원,7,4,12,010-2929-5288,user0096@company.co.kr,우리 820-8311-324993,"개인 메모: 비상시 010-2929-5288 로 연락 가능, 신원확인용 주민번호 810711-2361736 기재됨"
E0097,전현우,730328-1574001,영업팀,차장,2021-08-03,6804만원,5,2,2,010-9882-5757,user0097@company.co.kr,우리 971-3580-846385,"개인 메모: 비상시 010-9882-5757 로 연락 가능, 신원확인용 주민번호 730328-1574001 기재됨"
E0098,강민서,770207-1348235,마케팅팀,과장,2010-06-18,5620만원,5,3,4,010-2412-2077,user0098@company.co.kr,우리 507-8842-651231,"개인 메모: 비상시 010-2412-2077 로 연락 가능, 신원확인용 주민번호 770207-1348235 기재됨"
E0099,신지율,880205-2773540,인사팀,차장,2017-08-22,7443만원,8,2,4,010-3981-3114,user0099@company.co.kr,하나 614-1907-971776,"개인 메모: 비상시 010-3981-3114 로 연락 가능, 신원확인용 주민번호 880205-2773540 기재됨"
E0100,정현우,801208-2644103,개발팀,대리,2023-02-09,3965만원,3,4,8,010-3050-5961,user0100@company.co.kr,농협 646-2530-626986,"개인 메모: 비상시 010-3050-5961 로 연락 가능, 신원확인용 주민번호 801208-2644103 기재됨"
E0101,류예은,891220-2983456,재무팀,대리,2010-01-03,4474만원,0,4,8,010-4453-7825,user0101@company.co.kr,농협 754-1496-622230,"개인 메모: 비상시 010-4453-7825 로 연락 가능, 신원확인용 주민번호 891220-2983456 기재됨"
E0102,송현우,771113-2575575,인사팀,과장,2021-01-06,5594만원,7,3,15,010-8609-4342,user0102@company.co.kr,우리 721-3353-427766,"개인 메모: 비상시 010-8609-4342 로 연락 가능, 신원확인용 주민번호 771113-2575575 기재됨"
E0103,한서준,820325-2639995,재무팀,과장,2011-06-08,6098만원,7,0,8,010-8366-5061,user0103@company.co.kr,신한 199-1829-404309,"개인 메모: 비상시 010-8366-5061 로 연락 가능, 신원확인용 주민번호 820325-2639995 기재됨"
E0104,서수빈,770327-2705748,고객지원팀,부장,2015-04-25,9028만원,2,3,14,010-9171-6055,user0104@company.co.kr,하나 123-2475-512344,"개인 메모: 비상시 010-9171-6055 로 연락 가능, 신원확인용 주민번호 770327-2705748 기재됨"
E0105,안시우,880602-1395023,마케팅팀,대리,2019-11-22,4020만원,7,2,0,010-2761-8060,user0105@company.co.kr,신한 370-6992-900961,"개인 메모: 비상시 010-2761-8060 로 연락 가능, 신원확인용 주민번호 880602-1395023 기재됨"
E0106,서준서,711018-1480133,재무팀,사원,2014-02-13,3210만원,8,3,8,010-2946-3108,user0106@company.co.kr,국민 503-7114-933510,"개인 메모: 비상시 010-2946-3108 로 연락 가능, 신원확인용 주민번호 711018-1480133 기재됨"
E0107,한윤서,740420-2624369,인사팀,과장,2010-01-05,5873만원,5,3,14,010-3440-9446,user0107@company.co.kr,신한 435-6218-270395,"개인 메모: 비상시 010-3440-9446 로 연락 가능, 신원확인용 주민번호 740420-2624369 기재됨"
E0108,서다은,800927-2843167,재무팀,과장,2014-08-27,5707만원,0,2,10,010-2795-7824,user0108@company.co.kr,농협 415-1436-725905,"개인 메모: 비상시 010-2795-7824 로 연락 가능, 신원확인용 주민번호 800927-2843167 기재됨"
E0109,황지민,771202-2278794,재무팀,부장,2020-12-20,9191만원,6,1,7,010-1517-2800,user0109@company.co.kr,신한 119-8225-428930,"개인 메모: 비상시 010-1517-2800 로 연락 가능, 신원확인용 주민번호 771202-2278794 기재됨"
E0110,신예은,760717-2989587,고객지원팀,차장,2021-01-23,7307만원,2,4,6,010-6325-8837,user0110@company.co.kr,농협 485-6140-281594,"개인 메모: 비상시 010-6325-8837 로 연락 가능, 신원확인용 주민번호 760717-2989587 기재됨"
E0111,송은서,911222-2739711,마케팅팀,부장,2013-04-09,8962만원,8,2,7,010-5876-5735,user0111@company.co.kr,신한 806-9011-432441,"개인 메모: 비상시 010-5876-5735 로 연락 가능, 신원확인용 주민번호 911222-2739711 기재됨"
E0112,황준서,991209-2227794,재무팀,부장,2020-09-13,9556만원,6,2,4,010-5758-1689,user0112@company.co.kr,우리 831-2294-463188,"개인 메모: 비상시 010-5758-1689 로 연락 가능, 신원확인용 주민번호 991209-2227794 기재됨"
E0113,권성민,850407-2689318,고객지원팀,과장,2014-03-04,5865만원,3,1,1,010-9700-4697,user0113@company.co.kr,신한 153-2641-533377,"개인 메모: 비상시 010-9700-4697 로 연락 가능, 신원확인용 주민번호 850407-2689318 기재됨"
E0114,한재윤,910301-1526673,고객지원팀,차장,2017-08-21,6702만원,3,2,10,010-5676-1969,user0114@company.co.kr,국민 767-4804-661147,"개인 메모: 비상시 010-5676-1969 로 연락 가능, 신원확인용 주민번호 910301-1526673 기재됨"
E0115,이혜원,980302-2926236,마케팅팀,대리,2012-12-28,4227만원,4,0,0,010-5888-2758,user0115@company.co.kr,우리 391-8444-772464,"개인 메모: 비상시 010-5888-2758 로 연락 가능, 신원확인용 주민번호 980302-2926236 기재됨"
E0116,송건우,740915-2302177,인사팀,차장,2015-03-24,7510만원,7,2,5,010-1230-6523,user0116@company.co.kr,우리 681-4164-284019,"개인 메모: 비상시 010-1230-6523 로 연락 가능, 신원확인용 주민번호 740915-2302177 기재됨"
E0117,전수빈,830911-1520304,고객지원팀,차장,2011-03-05,7446만원,7,2,7,010-1111-5272,user0117@company.co.kr,하나 341-8319-890371,"개인 메모: 비상시 010-1111-5272 로 연락 가능, 신원확인용 주민번호 830911-1520304 기재됨"
E0118,장은서,931001-2785436,개발팀,과장,2021-04-02,5696만원,1,3,9,010-3616-7642,user0118@company.co.kr,농협 820-6095-823821,"개인 메모: 비상시 010-3616-7642 로 연락 가능, 신원확인용 주민번호 931001-2785436 기재됨"
E0119,임준서,770316-1577079,고객지원팀,부장,2019-06-14,8826만원,8,3,6,010-5054-2341,user0119@company.co.kr,농협 557-9653-837952,"개인 메모: 비상시 010-5054-2341 로 연락 가능, 신원확인용 주민번호 770316-1577079 기재됨"
E0120,오지우,710917-1700521,재무팀,부장,2012-03-11,8714만원,8,3,3,010-4365-9008,user0120@company.co.kr,국민 622-8298-947975,"개인 메모: 비상시 010-4365-9008 로 연락 가능, 신원확인용 주민번호 710917-1700521 기재됨"
E0121,정건우,880118-2805448,개발팀,차장,2021-01-13,7067만원,4,0,6,010-2196-1742,user0121@company.co.kr,하나 452-2044-667451,"개인 메모: 비상시 010-2196-1742 로 연락 가능, 신원확인용 주민번호 880118-2805448 기재됨"
E0122,박혜원,790706-1903028,고객지원팀,차장,2021-11-14,6632만원,5,3,14,010-7184-7154,user0122@company.co.kr,국민 799-9835-239449,"개인 메모: 비상시 010-7184-7154 로 연락 가능, 신원확인용 주민번호 790706-1903028 기재됨"
E0123,오도윤,820905-1975373,인사팀,대리,2022-01-10,4350만원,7,4,13,010-9715-7214,user0123@company.co.kr,신한 353-8546-462974,"개인 메모: 비상시 010-9715-7214 로 연락 가능, 신원확인용 주민번호 820905-1975373 기재됨"
E0124,정지민,981225-1133782,고객지원팀,대리,2016-10-25,4759만원,0,1,6,010-2102-2653,user0124@company.co.kr,농협 134-8314-726822,"개인 메모: 비상시 010-2102-2653 로 연락 가능, 신원확인용 주민번호 981225-1133782 기재됨"
E0125,이수아,840418-1891030,인사팀,사원,2012-09-10,3211만원,3,4,10,010-6253-4881,user0125@company.co.kr,우리 997-3347-792282,"개인 메모: 비상시 010-6253-4881 로 연락 가능, 신원확인용 주민번호 840418-1891030 기재됨"
E0126,안수아,780118-1756401,고객지원팀,차장,2016-09-16,6907만원,0,2,12,010-9592-6222,user0126@company.co.kr,하나 518-3444-414455,"개인 메모: 비상시 010-9592-6222 로 연락 가능, 신원확인용 주민번호 780118-1756401 기재됨"
E0127,서하준,770410-1944917,마케팅팀,부장,2010-09-14,9084만원,6,4,4,010-7363-4978,user0127@company.co.kr,우리 308-6411-778120,"개인 메모: 비상시 010-7363-4978 로 연락 가능, 신원확인용 주민번호 770410-1944917 기재됨"
E0128,권수빈,871227-1154040,개발팀,과장,2016-11-20,5194만원,0,0,6,010-4555-8854,user0128@company.co.kr,신한 990-6455-417915,"개인 메모: 비상시 010-4555-8854 로 연락 가능, 신원확인용 주민번호 871227-1154040 기재됨"
E0129,김지호,930224-2354377,고객지원팀,대리,2019-12-07,4785만원,6,1,10,010-5637-7236,user0129@company.co.kr,하나 646-6886-423404,"개인 메모: 비상시 010-5637-7236 로 연락 가능, 신원확인용 주민번호 930224-2354377 기재됨"
E0130,장준서,850804-2898625,개발팀,부장,2013-06-11,9503만원,6,0,7,010-3390-1265,user0130@company.co.kr,우리 666-7841-409531,"개인 메모: 비상시 010-3390-1265 로 연락 가능, 신원확인용 주민번호 850804-2898625 기재됨"
E0131,정지호,821027-1623555,재무팀,과장,2020-11-11,5335만원,4,3,15,010-8550-3756,user0131@company.co.kr,우리 273-3293-855303,"개인 메모: 비상시 010-8550-3756 로 연락 가능, 신원확인용 주민번호 821027-1623555 기재됨"
E0132,송하은,980921-1649395,인사팀,대리,2023-02-27,4738만원,0,0,13,010-3252-4791,user0132@company.co.kr,국민 824-3474-109585,"개인 메모: 비상시 010-3252-4791 로 연락 가능, 신원확인용 주민번호 980921-1649395 기재됨"
E0133,조건우,711021-2791309,마케팅팀,차장,2010-01-18,6982만원,8,3,0,010-1274-9673,user0133@company.co.kr,우리 648-5697-117975,"개인 메모: 비상시 010-1274-9673 로 연락 가능, 신원확인용 주민번호 711021-2791309 기재됨"
E0134,안태현,990304-1649857,영업팀,차장,2013-04-20,7425만원,8,2,11,010-5379-7502,user0134@company.co.kr,국민 482-7652-581294,"개인 메모: 비상시 010-5379-7502 로 연락 가능, 신원확인용 주민번호 990304-1649857 기재됨"
E0135,류수아,910221-1198042,마케팅팀,대리,2016-07-18,4107만원,7,0,0,010-3807-2354,user0135@company.co.kr,하나 965-8109-776234,"개인 메모: 비상시 010-3807-2354 로 연락 가능, 신원확인용 주민번호 910221-1198042 기재됨"
E0136,한정우,860108-1825916,재무팀,사원,2017-05-02,3716만원,1,2,1,010-3938-6152,user0136@company.co.kr,국민 312-3362-888795,"개인 메모: 비상시 010-3938-6152 로 연락 가능, 신원확인용 주민번호 860108-1825916 기재됨"
E0137,서혜원,751008-2809922,재무팀,사원,2015-07-25,3106만원,2,0,11,010-1879-2600,user0137@company.co.kr,하나 337-2245-457137,"개인 메모: 비상시 010-1879-2600 로 연락 가능, 신원확인용 주민번호 751008-2809922 기재됨"
E0138,전지율,890725-2131064,고객지원팀,부장,2014-08-16,9577만원,3,2,12,010-8075-4043,user0138@company.co.kr,농협 776-7227-189856,"개인 메모: 비상시 010-8075-4043 로 연락 가능, 신원확인용 주민번호 890725-2131064 기재됨"
E0139,윤재윤,780313-1875584,마케팅팀,사원,2015-06-04,2884만원,1,0,9,010-8286-6896,user0139@company.co.kr,우리 204-3170-191537,"개인 메모: 비상시 010-8286-6896 로 연락 가능, 신원확인용 주민번호 780313-1875584 기재됨"
E0140,강지안,870914-1127537,인사팀,차장,2015-09-03,7170만원,5,3,0,010-5781-7779,user0140@company.co.kr,하나 897-2387-860053,"개인 메모: 비상시 010-5781-7779 로 연락 가능, 신원확인용 주민번호 870914-1127537 기재됨"
E0141,송동현,860322-2277735,영업팀,대리,2014-05-09,4385만원,7,1,2,010-3739-8121,user0141@company.co.kr,우리 531-5911-607753,"개인 메모: 비상시 010-3739-8121 로 연락 가능, 신원확인용 주민번호 860322-2277735 기재됨"
E0142,박준서,771221-2722651,재무팀,과장,2013-08-04,6066만원,2,2,0,010-7483-6443,user0142@company.co.kr,농협 489-6399-561607,"개인 메모: 비상시 010-7483-6443 로 연락 가능, 신원확인용 주민번호 771221-2722651 기재됨"
E0143,한지안,790620-1602278,개발팀,부장,2012-07-11,8739만원,4,3,7,010-6339-7161,user0143@company.co.kr,우리 936-7437-482746,"개인 메모: 비상시 010-6339-7161 로 연락 가능, 신원확인용 주민번호 790620-1602278 기재됨"
E0144,최혜원,880906-1862538,마케팅팀,부장,2021-04-15,8804만원,4,0,13,010-9180-3280,user0144@company.co.kr,우리 347-5139-790658,"개인 메모: 비상시 010-9180-3280 로 연락 가능, 신원확인용 주민번호 880906-1862538 기재됨"
E0145,정재윤,820215-2710527,마케팅팀,차장,2018-09-28,7408만원,6,4,1,010-6890-9796,user0145@company.co.kr,농협 753-2392-214682,"개인 메모: 비상시 010-6890-9796 로 연락 가능, 신원확인용 주민번호 820215-2710527 기재됨"
E0146,윤예진,901002-2889245,개발팀,과장,2022-07-04,5270만원,0,0,8,010-4637-9366,user0146@company.co.kr,농협 671-4621-567432,"개인 메모: 비상시 010-4637-9366 로 연락 가능, 신원확인용 주민번호 901002-2889245 기재됨"
E0147,오유진,911023-1461724,인사팀,차장,2017-02-10,7390만원,6,0,3,010-3321-6707,user0147@company.co.kr,우리 451-8460-922366,"개인 메모: 비상시 010-3321-6707 로 연락 가능, 신원확인용 주민번호 911023-1461724 기재됨"
E0148,황도윤,920811-1414849,인사팀,차장,2022-12-04,7339만원,0,2,3,010-3692-4996,user0148@company.co.kr,농협 278-3623-447067,"개인 메모: 비상시 010-3692-4996 로 연락 가능, 신원확인용 주민번호 920811-1414849 기재됨"
E0149,송지안,950721-1295440,고객지원팀,차장,2020-07-13,6837만원,0,4,6,010-8365-8037,user0149@company.co.kr,하나 104-4519-315780,"개인 메모: 비상시 010-8365-8037 로 연락 가능, 신원확인용 주민번호 950721-1295440 기재됨"
E0150,장지율,730906-2441819,영업팀,사원,2017-02-09,3391만원,7,4,10,010-7367-7431,user0150@company.co.kr,농협 216-6700-469082,"개인 메모: 비상시 010-7367-7431 로 연락 가능, 신원확인용 주민번호 730906-2441819 기재됨"
E0151,권다은,911226-2744333,재무팀,대리,2011-11-05,4633만원,5,0,7,010-6003-2916,user0151@company.co.kr,신한 482-3316-635638,"개인 메모: 비상시 010-6003-2916 로 연락 가능, 신원확인용 주민번호 911226-2744333 기재됨"
E0152,서지안,880714-1610310,고객지원팀,부장,2018-12-21,8741만원,2,4,5,010-9022-5732,user0152@company.co.kr,신한 291-6154-982885,"개인 메모: 비상시 010-9022-5732 로 연락 가능, 신원확인용 주민번호 880714-1610310 기재됨"
E0153,이수빈,700805-1954815,마케팅팀,과장,2018-09-21,6074만원,7,3,15,010-7809-8272,user0153@company.co.kr,하나 271-2354-692862,"개인 메모: 비상시 010-7809-8272 로 연락 가능, 신원확인용 주민번호 700805-1954815 기재됨"
E0154,김민서,710508-2276379,마케팅팀,대리,2019-12-25,4099만원,7,4,3,010-2871-5389,user0154@company.co.kr,농협 943-7010-668373,"개인 메모: 비상시 010-2871-5389 로 연락 가능, 신원확인용 주민번호 710508-2276379 기재됨"
E0155,이지율,760704-1412170,인사팀,차장,2017-05-12,7159만원,1,3,3,010-4882-4438,user0155@company.co.kr,농협 805-6744-845279,"개인 메모: 비상시 010-4882-4438 로 연락 가능, 신원확인용 주민번호 760704-1412170 기재됨"
E0156,전성민,890326-1953047,영업팀,차장,2022-01-19,6769만원,5,4,8,010-9827-3758,user0156@company.co.kr,우리 820-5794-403387,"개인 메모: 비상시 010-9827-3758 로 연락 가능, 신원확인용 주민번호 890326-1953047 기재됨"
E0157,류지민,910205-2162165,개발팀,부장,2023-11-05,9521만원,2,1,4,010-6277-5055,user0157@company.co.kr,하나 601-3329-705474,"개인 메모: 비상시 010-6277-5055 로 연락 가능, 신원확인용 주민번호 910205-2162165 기재됨"
E0158,장성민,840221-1522419,재무팀,차장,2021-05-23,6984만원,5,3,15,010-6362-1040,user0158@company.co.kr,국민 848-8511-765678,"개인 메모: 비상시 010-6362-1040 로 연락 가능, 신원확인용 주민번호 840221-1522419 기재됨"
E0159,오수빈,870707-2964915,영업팀,사원,2017-05-11,3614만원,4,2,4,010-8951-6631,user0159@company.co.kr,국민 147-2631-756596,"개인 메모: 비상시 010-8951-6631 로 연락 가능, 신원확인용 주민번호 870707-2964915 기재됨"
E0160,권민준,970315-2100708,마케팅팀,사원,2013-12-05,3751만원,4,1,8,010-2529-6905,user0160@company.co.kr,우리 184-7092-796787,"개인 메모: 비상시 010-2529-6905 로 연락 가능, 신원확인용 주민번호 970315-2100708 기재됨"
E0161,강서연,791223-1550081,고객지원팀,차장,2011-12-04,7240만원,0,1,15,010-2276-3174,user0161@company.co.kr,농협 331-9510-813013,"개인 메모: 비상시 010-2276-3174 로 연락 가능, 신원확인용 주민번호 791223-1550081 기재됨"
E0162,김재윤,730723-1600905,인사팀,과장,2013-07-03,5936만원,1,0,10,010-7022-5902,user0162@company.co.kr,신한 491-3181-772741,"개인 메모: 비상시 010-7022-5902 로 연락 가능, 신원확인용 주민번호 730723-1600905 기재됨"
E0163,정지우,701021-1561477,개발팀,부장,2021-04-21,9176만원,2,3,14,010-4559-2420,user0163@company.co.kr,국민 243-3017-718213,"개인 메모: 비상시 010-4559-2420 로 연락 가능, 신원확인용 주민번호 701021-1561477 기재됨"
E0164,정수아,720418-2916808,고객지원팀,과장,2010-11-10,5760만원,3,4,6,010-7418-5842,user0164@company.co.kr,국민 902-4921-618927,"개인 메모: 비상시 010-7418-5842 로 연락 가능, 신원확인용 주민번호 720418-2916808 기재됨"
E0165,서도윤,901003-1478638,개발팀,대리,2012-07-28,4311만원,6,2,5,010-8717-2195,user0165@company.co.kr,국민 701-2106-114463,"개인 메모: 비상시 010-8717-2195 로 연락 가능, 신원확인용 주민번호 901003-1478638 기재됨"
E0166,장지호,710717-2759104,고객지원팀,사원,2018-07-14,3744만원,6,0,4,010-5546-2369,user0166@company.co.kr,우리 180-9377-313068,"개인 메모: 비상시 010-5546-2369 로 연락 가능, 신원확인용 주민번호 710717-2759104 기재됨"
E0167,정윤서,881125-1425236,고객지원팀,과장,2016-12-28,5500만원,3,0,7,010-2412-8118,user0167@company.co.kr,국민 564-1901-424314,"개인 메모: 비상시 010-2412-8118 로 연락 가능, 신원확인용 주민번호 881125-1425236 기재됨"
E0168,강도윤,741201-1620526,개발팀,사원,2018-09-26,3524만원,4,1,11,010-3079-5403,user0168@company.co.kr,국민 889-1480-451284,"개인 메모: 비상시 010-3079-5403 로 연락 가능, 신원확인용 주민번호 741201-1620526 기재됨"
E0169,신지민,781219-1620248,마케팅팀,부장,2018-06-02,8665만원,7,4,5,010-7024-3577,user0169@company.co.kr,우리 891-2685-701790,"개인 메모: 비상시 010-7024-3577 로 연락 가능, 신원확인용 주민번호 781219-1620248 기재됨"
E0170,최수아,710108-1594681,개발팀,부장,2016-03-06,8602만원,0,4,13,010-4678-6272,user0170@company.co.kr,신한 526-6241-384434,"개인 메모: 비상시 010-4678-6272 로 연락 가능, 신원확인용 주민번호 710108-1594681 기재됨"
E0171,안예진,770902-2172274,마케팅팀,사원,2023-05-25,2983만원,4,2,2,010-8483-1130,user0171@company.co.kr,우리 305-5777-691194,"개인 메모: 비상시 010-8483-1130 로 연락 가능, 신원확인용 주민번호 770902-2172274 기재됨"
E0172,임서준,840619-2910143,영업팀,부장,2021-09-25,8848만원,3,1,0,010-7718-1391,user0172@company.co.kr,신한 654-6675-766833,"개인 메모: 비상시 010-7718-1391 로 연락 가능, 신원확인용 주민번호 840619-2910143 기재됨"
E0173,김은서,910728-2208998,영업팀,사원,2018-04-14,3577만원,7,0,4,010-5584-2524,user0173@company.co.kr,국민 337-9515-533121,"개인 메모: 비상시 010-5584-2524 로 연락 가능, 신원확인용 주민번호 910728-2208998 기재됨"
E0174,오시우,730905-2178465,재무팀,사원,2019-01-14,3394만원,2,1,9,010-5276-6161,user0174@company.co.kr,하나 817-6345-433507,"개인 메모: 비상시 010-5276-6161 로 연락 가능, 신원확인용 주민번호 730905-2178465 기재됨"
E0175,권지민,760325-1262959,인사팀,대리,2012-08-15,3876만원,5,3,3,010-9780-6870,user0175@company.co.kr,신한 562-6051-585854,"개인 메모: 비상시 010-9780-6870 로 연락 가능, 신원확인용 주민번호 760325-1262959 기재됨"
E0176,최지우,910527-1325465,개발팀,대리,2012-02-23,4626만원,3,2,12,010-9412-1802,user0176@company.co.kr,우리 366-3848-132591,"개인 메모: 비상시 010-9412-1802 로 연락 가능, 신원확인용 주민번호 910527-1325465 기재됨"
E0177,권윤서,730804-1227352,인사팀,부장,2010-04-05,8855만원,3,3,11,010-2376-5240,user0177@company.co.kr,국민 122-2056-307356,"개인 메모: 비상시 010-2376-5240 로 연락 가능, 신원확인용 주민번호 730804-1227352 기재됨"
E0178,권민서,980604-1583388,인사팀,대리,2012-10-14,3894만원,6,3,0,010-7270-7990,user0178@company.co.kr,신한 462-4517-296242,"개인 메모: 비상시 010-7270-7990 로 연락 가능, 신원확인용 주민번호 980604-1583388 기재됨"
E0179,장지민,740120-1778720,개발팀,차장,2017-07-18,7504만원,7,0,2,010-5583-7275,user0179@company.co.kr,신한 529-4267-773870,"개인 메모: 비상시 010-5583-7275 로 연락 가능, 신원확인용 주민번호 740120-1778720 기재됨"
E0180,송민서,951212-2670968,마케팅팀,사원,2015-10-17,3191만원,5,3,8,010-3946-1427,user0180@company.co.kr,우리 711-4588-130726,"개인 메모: 비상시 010-3946-1427 로 연락 가능, 신원확인용 주민번호 951212-2670968 기재됨"
E0181,황건우,880406-1359896,고객지원팀,과장,2013-05-18,5885만원,0,1,12,010-6813-3846,user0181@company.co.kr,신한 342-6210-945372,"개인 메모: 비상시 010-6813-3846 로 연락 가능, 신원확인용 주민번호 880406-1359896 기재됨"
E0182,오혜원,921212-1690462,영업팀,부장,2023-08-18,8628만원,4,1,15,010-1621-2478,user0182@company.co.kr,국민 338-4584-120896,"개인 메모: 비상시 010-1621-2478 로 연락 가능, 신원확인용 주민번호 921212-1690462 기재됨"
E0183,안하은,991007-1457311,고객지원팀,사원,2012-06-02,3139만원,0,1,4,010-2817-9622,user0183@company.co.kr,우리 174-7120-838761,"개인 메모: 비상시 010-2817-9622 로 연락 가능, 신원확인용 주민번호 991007-1457311 기재됨"
E0184,서정우,790605-1867926,마케팅팀,사원,2022-11-16,3144만원,5,1,11,010-4657-3872,user0184@company.co.kr,하나 414-5825-233534,"개인 메모: 비상시 010-4657-3872 로 연락 가능, 신원확인용 주민번호 790605-1867926 기재됨"
E0185,류서연,801008-1620287,영업팀,대리,2015-12-03,4416만원,3,2,10,010-3750-2453,user0185@company.co.kr,우리 557-1186-378095,"개인 메모: 비상시 010-3750-2453 로 연락 가능, 신원확인용 주민번호 801008-1620287 기재됨"
E0186,조수아,780224-1150486,마케팅팀,사원,2017-12-14,3158만원,2,3,15,010-7204-6754,user0186@company.co.kr,농협 484-2661-969067,"개인 메모: 비상시 010-7204-6754 로 연락 가능, 신원확인용 주민번호 780224-1150486 기재됨"
E0187,박윤서,891016-1552275,고객지원팀,사원,2012-10-14,3146만원,2,0,3,010-6424-4367,user0187@company.co.kr,신한 519-9849-378150,"개인 메모: 비상시 010-6424-4367 로 연락 가능, 신원확인용 주민번호 891016-1552275 기재됨"
E0188,임현우,710719-2261050,인사팀,대리,2015-01-14,3898만원,1,2,15,010-4271-2589,user0188@company.co.kr,국민 311-3798-769191,"개인 메모: 비상시 010-4271-2589 로 연락 가능, 신원확인용 주민번호 710719-2261050 기재됨"
E0189,최현우,851109-1773045,재무팀,차장,2016-03-12,7082만원,6,2,5,010-8303-1731,user0189@company.co.kr,우리 550-8619-376195,"개인 메모: 비상시 010-8303-1731 로 연락 가능, 신원확인용 주민번호 851109-1773045 기재됨"
E0190,윤태현,710325-1189870,고객지원팀,과장,2015-09-14,5677만원,3,4,1,010-7342-9561,user0190@company.co.kr,하나 648-8779-700534,"개인 메모: 비상시 010-7342-9561 로 연락 가능, 신원확인용 주민번호 710325-1189870 기재됨"
E0191,서동현,880926-1226124,마케팅팀,사원,2012-03-07,3314만원,3,1,1,010-7936-2283,user0191@company.co.kr,하나 306-3422-974625,"개인 메모: 비상시 010-7936-2283 로 연락 가능, 신원확인용 주민번호 880926-1226124 기재됨"
E0192,전지민,930203-2683390,마케팅팀,과장,2018-06-28,6032만원,4,4,14,010-1202-9561,user0192@company.co.kr,하나 215-7790-256911,"개인 메모: 비상시 010-1202-9561 로 연락 가능, 신원확인용 주민번호 930203-2683390 기재됨"
E0193,정정우,940204-1923914,개발팀,부장,2023-09-12,9196만원,6,2,12,010-8955-8750,user0193@company.co.kr,국민 276-5512-522548,"개인 메모: 비상시 010-8955-8750 로 연락 가능, 신원확인용 주민번호 940204-1923914 기재됨"
E0194,정다은,920702-2447596,고객지원팀,부장,2013-01-24,9297만원,7,2,11,010-1331-6535,user0194@company.co.kr,우리 418-5593-983788,"개인 메모: 비상시 010-1331-6535 로 연락 가능, 신원확인용 주민번호 920702-2447596 기재됨"
E0195,최수빈,791215-2382507,고객지원팀,대리,2016-10-21,3937만원,1,1,14,010-4463-7671,user0195@company.co.kr,하나 877-9462-492073,"개인 메모: 비상시 010-4463-7671 로 연락 가능, 신원확인용 주민번호 791215-2382507 기재됨"
E0196,이건우,791217-2242239,재무팀,대리,2019-01-06,3867만원,3,1,1,010-5087-1541,user0196@company.co.kr,하나 151-6904-838862,"개인 메모: 비상시 010-5087-1541 로 연락 가능, 신원확인용 주민번호 791217-2242239 기재됨"
E0197,조지민,840913-1814263,인사팀,과장,2013-06-16,5943만원,7,1,15,010-6730-6640,user0197@company.co.kr,신한 957-5237-885342,"개인 메모: 비상시 010-6730-6640 로 연락 가능, 신원확인용 주민번호 840913-1814263 기재됨"
E0198,박현우,710328-1998746,영업팀,사원,2020-04-22,3195만원,3,2,13,010-9409-1328,user0198@company.co.kr,국민 585-3167-778818,"개인 메모: 비상시 010-9409-1328 로 연락 가능, 신원확인용 주민번호 710328-1998746 기재됨"
E0199,강다은,781026-2847362,고객지원팀,사원,2020-05-14,3029만원,6,2,14,010-5128-4575,user0199@company.co.kr,하나 409-9530-964352,"개인 메모: 비상시 010-5128-4575 로 연락 가능, 신원확인용 주민번호 781026-2847362 기재됨"
E0200,전유진,700922-2688730,고객지원팀,부장,2019-10-10,8704만원,4,0,15,010-2045-6509,user0200@company.co.kr,우리 755-6327-390334,"개인 메모: 비상시 010-2045-6509 로 연락 가능, 신원확인용 주민번호 700922-2688730 기재됨"
E0201,임지호,940402-2792616,개발팀,대리,2020-03-24,4329만원,0,3,9,010-5250-7857,user0201@company.co.kr,하나 497-1578-711344,"개인 메모: 비상시 010-5250-7857 로 연락 가능, 신원확인용 주민번호 940402-2792616 기재됨"
E0202,류태현,931208-2804505,개발팀,대리,2018-05-28,4151만원,2,4,5,010-5813-2599,user0202@company.co.kr,하나 231-5237-860413,"개인 메모: 비상시 010-5813-2599 로 연락 가능, 신원확인용 주민번호 931208-2804505 기재됨"
E0203,강예진,720412-1880360,개발팀,과장,2016-06-12,5770만원,4,4,9,010-8598-2929,user0203@company.co.kr,하나 154-2166-595158,"개인 메모: 비상시 010-8598-2929 로 연락 가능, 신원확인용 주민번호 720412-1880360 기재됨"
E0204,서건우,710305-1459315,마케팅팀,과장,2019-08-05,5523만원,5,1,2,010-8988-6449,user0204@company.co.kr,신한 420-1950-104942,"개인 메모: 비상시 010-8988-6449 로 연락 가능, 신원확인용 주민번호 710305-1459315 기재됨"
E0205,조지율,940316-1235691,재무팀,대리,2016-11-14,4390만원,6,3,15,010-7280-1076,user0205@company.co.kr,국민 646-4267-866151,"개인 메모: 비상시 010-7280-1076 로 연락 가능, 신원확인용 주민번호 940316-1235691 기재됨"
E0206,오민준,960907-1809621,인사팀,과장,2020-12-08,5875만원,3,2,9,010-3112-2682,user0206@company.co.kr,하나 615-6015-275133,"개인 메모: 비상시 010-3112-2682 로 연락 가능, 신원확인용 주민번호 960907-1809621 기재됨"
E0207,박태현,790824-2554730,고객지원팀,사원,2012-06-16,3105만원,5,1,5,010-7609-1313,user0207@company.co.kr,신한 329-3149-321449,"개인 메모: 비상시 010-7609-1313 로 연락 가능, 신원확인용 주민번호 790824-2554730 기재됨"
E0208,김정우,730623-1493417,고객지원팀,부장,2014-09-20,8773만원,0,4,1,010-2771-1323,user0208@company.co.kr,국민 806-2897-537020,"개인 메모: 비상시 010-2771-1323 로 연락 가능, 신원확인용 주민번호 730623-1493417 기재됨"
E0209,권유진,780823-1315477,고객지원팀,사원,2020-11-01,3360만원,4,3,3,010-9524-5423,user0209@company.co.kr,농협 720-3247-539170,"개인 메모: 비상시 010-9524-5423 로 연락 가능, 신원확인용 주민번호 780823-1315477 기재됨"
E0210,전도윤,950216-1738584,영업팀,과장,2022-05-27,5216만원,8,1,11,010-7713-5839,user0210@company.co.kr,신한 140-9980-620465,"개인 메모: 비상시 010-7713-5839 로 연락 가능, 신원확인용 주민번호 950216-1738584 기재됨"
E0211,황은서,701103-1975804,재무팀,대리,2020-08-05,3802만원,1,4,2,010-2659-5192,user0211@company.co.kr,신한 567-5850-376955,"개인 메모: 비상시 010-2659-5192 로 연락 가능, 신원확인용 주민번호 701103-1975804 기재됨"
E0212,권서연,750128-2477712,고객지원팀,사원,2015-07-24,3632만원,1,0,1,010-1158-3267,user0212@company.co.kr,신한 436-6857-558976,"개인 메모: 비상시 010-1158-3267 로 연락 가능, 신원확인용 주민번호 750128-2477712 기재됨"
E0213,최유진,840527-2823415,마케팅팀,차장,2022-07-21,7585만원,2,0,4,010-1960-3611,user0213@company.co.kr,국민 526-8908-941235,"개인 메모: 비상시 010-1960-3611 로 연락 가능, 신원확인용 주민번호 840527-2823415 기재됨"
E0214,권하준,940620-1817712,고객지원팀,부장,2012-08-16,8988만원,1,3,14,010-1753-2037,user0214@company.co.kr,우리 770-6148-112960,"개인 메모: 비상시 010-1753-2037 로 연락 가능, 신원확인용 주민번호 940620-1817712 기재됨"
E0215,안지율,880422-2644315,재무팀,부장,2021-12-20,9341만원,1,3,7,010-8895-6664,user0215@company.co.kr,하나 252-1894-112210,"개인 메모: 비상시 010-8895-6664 로 연락 가능, 신원확인용 주민번호 880422-2644315 기재됨"
E0216,강건우,850303-2436208,영업팀,차장,2015-05-02,7472만원,8,1,12,010-7607-4850,user0216@company.co.kr,국민 570-8277-940183,"개인 메모: 비상시 010-7607-4850 로 연락 가능, 신원확인용 주민번호 850303-2436208 기재됨"
E0217,류시우,850811-1621533,고객지원팀,사원,2020-01-04,3677만원,6,3,1,010-9996-1002,user0217@company.co.kr,국민 910-5990-633030,"개인 메모: 비상시 010-9996-1002 로 연락 가능, 신원확인용 주민번호 850811-1621533 기재됨"
E0218,송지호,800627-1956255,영업팀,차장,2023-08-11,7573만원,8,4,15,010-6952-8414,user0218@company.co.kr,국민 199-4633-102303,"개인 메모: 비상시 010-6952-8414 로 연락 가능, 신원확인용 주민번호 800627-1956255 기재됨"
E0219,한준서,860623-1148001,영업팀,과장,2017-03-27,5660만원,6,0,8,010-4209-4072,user0219@company.co.kr,국민 972-7437-326061,"개인 메모: 비상시 010-4209-4072 로 연락 가능, 신원확인용 주민번호 860623-1148001 기재됨"
E0220,권태현,800225-2148759,고객지원팀,대리,2023-11-19,4533만원,1,3,14,010-9260-3205,user0220@company.co.kr,하나 104-9689-871976,"개인 메모: 비상시 010-9260-3205 로 연락 가능, 신원확인용 주민번호 800225-2148759 기재됨"
E0221,이윤서,880817-1825423,재무팀,차장,2012-12-27,7458만원,2,0,12,010-6273-9259,user0221@company.co.kr,하나 528-5067-386886,"개인 메모: 비상시 010-6273-9259 로 연락 가능, 신원확인용 주민번호 880817-1825423 기재됨"
E0222,임시우,831023-2984027,고객지원팀,대리,2018-06-23,3941만원,8,1,6,010-4435-5760,user0222@company.co.kr,우리 788-3173-844904,"개인 메모: 비상시 010-4435-5760 로 연락 가능, 신원확인용 주민번호 831023-2984027 기재됨"
E0223,송재윤,730618-2711116,재무팀,과장,2020-12-14,5827만원,8,2,13,010-1209-9564,user0223@company.co.kr,국민 125-7240-252386,"개인 메모: 비상시 010-1209-9564 로 연락 가능, 신원확인용 주민번호 730618-2711116 기재됨"
E0224,이예진,780310-2253541,인사팀,사원,2021-05-07,3004만원,8,0,11,010-8415-2679,user0224@company.co.kr,농협 988-4675-878476,"개인 메모: 비상시 010-8415-2679 로 연락 가능, 신원확인용 주민번호 780310-2253541 기재됨"
E0225,송유진,951210-1500118,마케팅팀,대리,2016-11-11,4323만원,8,0,0,010-5117-4327,user0225@company.co.kr,농협 989-8259-970300,"개인 메모: 비상시 010-5117-4327 로 연락 가능, 신원확인용 주민번호 951210-1500118 기재됨"
E0226,윤혜원,880924-1913848,고객지원팀,과장,2013-05-15,5873만원,2,0,5,010-3847-9418,user0226@company.co.kr,국민 486-1665-549323,"개인 메모: 비상시 010-3847-9418 로 연락 가능, 신원확인용 주민번호 880924-1913848 기재됨"
E0227,장윤서,751028-2105919,개발팀,과장,2017-12-05,5233만원,0,1,10,010-1833-5934,user0227@company.co.kr,하나 908-6866-176421,"개인 메모: 비상시 010-1833-5934 로 연락 가능, 신원확인용 주민번호 751028-2105919 기재됨"
E0228,한건우,750903-1536135,재무팀,대리,2018-07-03,4779만원,5,1,6,010-6437-6424,user0228@company.co.kr,우리 400-4579-889216,"개인 메모: 비상시 010-6437-6424 로 연락 가능, 신원확인용 주민번호 750903-1536135 기재됨"
E0229,전건우,961101-1801432,개발팀,차장,2017-04-21,7174만원,3,0,10,010-7248-2857,user0229@company.co.kr,하나 362-9851-859143,"개인 메모: 비상시 010-7248-2857 로 연락 가능, 신원확인용 주민번호 961101-1801432 기재됨"
E0230,오건우,850110-1435872,재무팀,부장,2011-02-06,9056만원,8,4,0,010-2072-4453,user0230@company.co.kr,신한 985-7950-976258,"개인 메모: 비상시 010-2072-4453 로 연락 가능, 신원확인용 주민번호 850110-1435872 기재됨"
E0231,최지호,921225-2777968,인사팀,부장,2021-11-05,9448만원,0,3,10,010-1620-2433,user0231@company.co.kr,국민 155-3916-932794,"개인 메모: 비상시 010-1620-2433 로 연락 가능, 신원확인용 주민번호 921225-2777968 기재됨"
E0232,장지안,900714-2117711,마케팅팀,차장,2020-02-18,7061만원,0,4,2,010-1745-2189,user0232@company.co.kr,우리 614-2738-403915,"개인 메모: 비상시 010-1745-2189 로 연락 가능, 신원확인용 주민번호 900714-2117711 기재됨"
E0233,임다은,940813-2962057,고객지원팀,사원,2010-08-06,3088만원,8,1,4,010-7406-9941,user0233@company.co.kr,우리 749-3360-412534,"개인 메모: 비상시 010-7406-9941 로 연락 가능, 신원확인용 주민번호 940813-2962057 기재됨"
E0234,송수빈,730101-2663244,재무팀,부장,2011-05-07,8744만원,5,1,13,010-9397-3333,user0234@company.co.kr,신한 288-4617-746850,"개인 메모: 비상시 010-9397-3333 로 연락 가능, 신원확인용 주민번호 730101-2663244 기재됨"
E0235,최하준,710915-1404771,고객지원팀,부장,2011-05-04,9472만원,3,4,15,010-6420-6851,user0235@company.co.kr,신한 787-4842-204904,"개인 메모: 비상시 010-6420-6851 로 연락 가능, 신원확인용 주민번호 710915-1404771 기재됨"
E0236,박동현,850811-2827143,재무팀,대리,2012-10-19,4125만원,5,2,13,010-3762-1079,user0236@company.co.kr,우리 352-4629-846794,"개인 메모: 비상시 010-3762-1079 로 연락 가능, 신원확인용 주민번호 850811-2827143 기재됨"
E0237,오예은,850815-2912402,개발팀,과장,2017-09-04,5998만원,2,4,2,010-5597-3293,user0237@company.co.kr,농협 301-5312-869177,"개인 메모: 비상시 010-5597-3293 로 연락 가능, 신원확인용 주민번호 850815-2912402 기재됨"
E0238,박서준,700921-1952117,재무팀,사원,2019-07-25,3713만원,3,0,8,010-9904-9842,user0238@company.co.kr,하나 769-3435-483588,"개인 메모: 비상시 010-9904-9842 로 연락 가능, 신원확인용 주민번호 700921-1952117 기재됨"
E0239,서수아,970505-2625465,재무팀,부장,2011-07-12,9350만원,8,0,7,010-3717-9423,user0239@company.co.kr,신한 556-3608-287847,"개인 메모: 비상시 010-3717-9423 로 연락 가능, 신원확인용 주민번호 970505-2625465 기재됨"
E0240,류정우,930812-1329448,마케팅팀,대리,2013-02-09,4553만원,5,1,1,010-4387-9485,user0240@company.co.kr,우리 497-8695-576728,"개인 메모: 비상시 010-4387-9485 로 연락 가능, 신원확인용 주민번호 930812-1329448 기재됨"
E0241,한도윤,960527-2706739,재무팀,부장,2019-03-13,9248만원,6,2,2,010-9465-5121,user0241@company.co.kr,하나 328-9460-525556,"개인 메모: 비상시 010-9465-5121 로 연락 가능, 신원확인용 주민번호 960527-2706739 기재됨"
E0242,오태현,950820-1626214,영업팀,과장,2017-03-08,5598만원,1,4,8,010-4465-3461,user0242@company.co.kr,신한 261-6934-731264,"개인 메모: 비상시 010-4465-3461 로 연락 가능, 신원확인용 주민번호 950820-1626214 기재됨"
E0243,최예진,950624-1604906,고객지원팀,대리,2017-08-07,4224만원,2,3,0,010-4992-1706,user0243@company.co.kr,신한 687-3639-241268,"개인 메모: 비상시 010-4992-1706 로 연락 가능, 신원확인용 주민번호 950624-1604906 기재됨"
E0244,안서연,710309-1641737,마케팅팀,부장,2019-10-21,8750만원,0,2,2,010-4548-8359,user0244@company.co.kr,농협 582-8891-278852,"개인 메모: 비상시 010-4548-8359 로 연락 가능, 신원확인용 주민번호 710309-1641737 기재됨"
E0245,정민서,940320-2275868,고객지원팀,부장,2020-06-15,9440만원,1,1,12,010-7315-3166,user0245@company.co.kr,국민 116-4315-648102,"개인 메모: 비상시 010-7315-3166 로 연락 가능, 신원확인용 주민번호 940320-2275868 기재됨"
E0246,신태현,730316-1921945,재무팀,대리,2018-02-03,4420만원,7,1,0,010-8069-9553,user0246@company.co.kr,하나 479-1711-831531,"개인 메모: 비상시 010-8069-9553 로 연락 가능, 신원확인용 주민번호 730316-1921945 기재됨"
E0247,안지안,950826-2467544,재무팀,대리,2022-12-25,4760만원,1,3,4,010-5170-8817,user0247@company.co.kr,신한 979-2373-397026,"개인 메모: 비상시 010-5170-8817 로 연락 가능, 신원확인용 주민번호 950826-2467544 기재됨"
E0248,전동현,780401-1706063,재무팀,부장,2011-09-01,9018만원,6,1,10,010-7698-6935,user0248@company.co.kr,국민 258-7980-783226,"개인 메모: 비상시 010-7698-6935 로 연락 가능, 신원확인용 주민번호 780401-1706063 기재됨"
E0249,류준서,910725-1533301,재무팀,부장,2022-09-16,8882만원,2,2,15,010-5157-6024,user0249@company.co.kr,농협 452-7522-871523,"개인 메모: 비상시 010-5157-6024 로 연락 가능, 신원확인용 주민번호 910725-1533301 기재됨"
E0250,정수빈,770826-1205149,영업팀,사원,2018-07-26,3565만원,5,4,1,010-3633-7375,user0250@company.co.kr,국민 923-2492-963245,"개인 메모: 비상시 010-3633-7375 로 연락 가능, 신원확인용 주민번호 770826-1205149 기재됨"
